{
  "speed": {
    "num_books": 58,
    "num_queries": 50,
    "file_system": {
      "mean_ms": 0.00023697910364717245,
      "median_ms": 0.00020499282982200384,
      "total_s": 1.1848955182358623e-05
    },
    "sqlite": {
      "mean_ms": 0.05763046094216406,
      "median_ms": 0.05416850035544485,
      "total_s": 0.002881523047108203
    },
    "speedup": 0.004112045952313247
  },
  "size": {
    "num_books_file_system": 2,
    "num_books_sqlite": 0,
    "file_system_mb": 0.6273031234741211,
    "sqlite_mb": 0.015625,
    "reduction_percent": 97.50917867051804
  },
  "scalability": [
    {
      "queries": 50,
      "file_system_total_ms": 0.019863990019075572,
      "sqlite_total_ms": 3.4710769541561604,
      "ratio": 0.005722716690360623
    }
  ]
}